,Rank,Country,Documents,Citable documents,Citations,Self-citations,Citations per document,H index,Energy Supply,Energy Supply per Capita,% Renewable,Country Code,Indicator Name,Indicator Code,1960,1961,1962,1963,1964,1965,1966,1967,1968,1969,1970,1971,1972,1973,1974,1975,1976,1977,1978,1979,1980,1981,1982,1983,1984,1985,1986,1987,1988,1989,1990,1991,1992,1993,1994,1995,1996,1997,1998,1999,2000,2001,2002,2003,2004,2005,2006,2007,2008,2009,2010,2011,2012,2013,2014,2015
0,,Aruba,,,,,,,12000000.0,120.0,14.87069,ABW,GDP at market prices (constant 2010 US$),NY.GDP.MKTP.KD,,,,,,,,,,,,,,,,,,,,,,,,,,,,,,,,,,,,,,,,,,,,,,,,,,,2467703910.61453,,,,,
1,168.0,Andorra,2.0,2.0,13.0,0.0,6.5,1.0,9000000.0,121.0,88.69565,AND,GDP at market prices (constant 2010 US$),NY.GDP.MKTP.KD,,,,,,,,,,,1022871401.93761,1070429536.96666,1157666822.22471,1247831302.28061,1317944270.10389,1325090206.69843,1368868423.74087,1407724771.11631,1428319832.5687,1428913249.71927,1460474058.82573,1458539387.76721,1476719523.0981,1502859168.80367,1529680509.57141,1565191061.36678,1616111761.51642,1705759462.17548,1792656379.78858,1879188446.01576,1950247955.3502,1999901280.7926,2018484671.13457,1997664169.00582,2045272407.14157,2101670670.58746,2199392933.59256,2398826713.99845,2475464141.15257,2576935425.08679,2606977004.92985,2765136580.02845,2942847625.89494,3296693262.49151,3562720066.76084,3842026792.01624,4018195653.51015,4021331428.40105,3675727910.50681,3535389132.60241,3346317328.52461,3185604581.52029,3129537611.8862,3127549907.58377,,
2,163.0,Afghanistan,3.0,3.0,0.0,0.0,0.0,0.0,321000000.0,10.0,78.66928,AFG,GDP at market prices (constant 2010 US$),NY.GDP.MKTP.KD,,,,,,,,,,,,,,,,,,,,,,,,,,,,,,,,,,,,,,,,,,,8013233121.55065,8689883606.07776,8781610175.40574,9762978844.07633,10305228125.1392,11721187594.2052,12144482858.18,14697331940.6464,15936800636.2487,16911126453.2276,19352203805.6294,19731337260.6378,19990317160.6756,20294152243.0072
3,99.0,Angola,50.0,50.0,79.0,0.0,1.58,5.0,642000000.0,27.0,70.90909,AGO,GDP at market prices (constant 2010 US$),NY.GDP.MKTP.KD,,,,,,,,,,,,,,,,,,,,,,,,,,27308217745.3027,28072847844.34,30290602825.0746,31986876577.4349,32114824089.7994,32018479611.528,31634257859.5578,29451494066.6941,22176975036.2843,22953169160.1838,25340298757.1282,28178412209.4545,30404506776.7536,32473461135.5772,33525536222.4799,34535350910.2526,35993076035.6583,33494990431.6857,35252638225.9501,39087976314.0264,46226007691.4898,55811028114.6479,68420444001.4995,77874196512.1845,79753199398.1396,82470913120.7314,85702615836.4404,90120963241.2186,96261432368.2645,100886286610.958,103910558934.02
4,118.0,Albania,23.0,23.0,168.0,14.0,7.3,6.0,102000000.0,35.0,100.0,ALB,GDP at market prices (constant 2010 US$),NY.GDP.MKTP.KD,,,,,,,,,,,,,,,,,,,,,5442066397.01561,5754747683.12714,5924431989.29393,5989893305.38692,5914924001.80094,6020247738.65436,6359623744.65989,6309519916.50208,6219922230.18592,6831747927.65999,6177564327.59596,4349684961.91377,4036507645.2428,4424012379.66761,4791205407.03519,5428435725.51634,5922423376.53832,5280559675.00989,5756277509.39418,6533442515.91879,6969002334.99895,7522364217.14786,7840663356.0472,8293343315.50901,8766856444.58233,9268392517.27704,9771760095.12554,10348293941.5853,11127520474.2981,11500292411.1744,11926953258.916,12231090567.6672,12404772053.5014,12542465022.373,12793314322.8205,13120823169.4847
5,,Arab World,,,,,,,,,,ARB,GDP at market prices (constant 2010 US$),NY.GDP.MKTP.KD,,,,,,,,,,,,,,,,504080540840.201,569088448377.017,618308164556.033,630118644507.124,696827907385.495,767025354210.13,797530065391.646,772722659822.309,751191409377.482,764002490893.793,759937489519.296,763501007889.384,768117949343.168,797138536615.288,816491545845.494,904526682483.002,893741732982.078,939313990594.343,977340782354.334,1010938448987.13,1040517115375.35,1091067702545.7,1144095568878.75,1204541602908.16,1241255017859.18,1304960631320.79,1333688223086.75,1353674267141.27,1410983637863.28,1548396875130.44,1643639422413.74,1763823829113.09,1863481356326.67,1980983302945.67,2011001139577.91,2103824906396.06,2173896465634.17,2318266914690.42,2385579629422.56,2436659330416.81,2509068276527.7
6,43.0,United Arab Emirates,1137.0,1124.0,6055.0,611.0,5.33,37.0,2710000000.0,300.0,0.0,ARE,GDP at market prices (constant 2010 US$),NY.GDP.MKTP.KD,,,,,,,,,,,,,,,,56055910245.8874,65320190085.0028,79324401299.9504,78063457999.0639,94397122679.5038,116934223224.751,122382395272.355,114159135175.852,108741347314.058,113109434263.341,109043742199.088,92732830339.853,95869037705.1546,93358316076.0813,104876763630.375,124098561674.11,125165910996.616,129352641718.644,130984025532.437,140016878503.469,149381048378.398,158042765139.576,170987097645.472,171486370299.358,176463271145.714,195614307991.47,198351118486.849,203177907295.223,221058661957.923,242206098797.029,253965546877.264,278948949835.963,287831772785.526,297018891707.595,281446423169.577,286049336038.121,300946210244.793,321692225022.966,335593704978.687,350931309582.38,362100323851.568
7,40.0,Argentina,1223.0,1213.0,10620.0,1654.0,8.68,47.0,3378000000.0,79.0,24.06452,ARG,GDP at market prices (constant 2010 US$),NY.GDP.MKTP.KD,120673927320.45,127223918491.941,126139943323.372,119444186854.91,131544238522.592,145447719126.299,144488162457.236,149100219724.042,156290578985.581,171418766226.651,176639570427.751,186634068867.32,189673248869.714,195006394109.424,205797666516.856,205739195072.353,201586860647.408,215565191420.131,205851554864.042,226895272406.556,236315424883.12,222870192615.617,211822119301.931,220030487864.233,224897063895.035,207834849660.721,224203464830.873,230727770255.953,224828280645.809,207974726490.771,202985497616.637,228703171682.529,256012102225.073,271134531016.591,286958486408.097,278793915961.266,294201990940.983,318064852036.16,330310917747.868,319128383481.508,316610463953.677,302651616137.334,269679281785.538,293510949880.458,320013736305.838,349450164583.573,378814002617.524,408988709469.622,421564889399.94,421775774944.173,461640242696.171,500355477549.572,504367128523.16,518919894963.108,521273744038.474,
8,86.0,Armenia,91.0,91.0,518.0,207.0,5.69,11.0,143000000.0,48.0,28.23606,ARM,GDP at market prices (constant 2010 US$),NY.GDP.MKTP.KD,,,,,,,,,,,,,,,,,,,,,,,,,,,,,,,6357857589.67955,5613988348.21507,3267341064.35725,2979815090.15052,3140725188.15958,3357435176.11712,3554362204.05763,3672405405.53258,3940491000.13646,4070527203.14096,4310688308.12627,4722645335.72382,5345387542.756,6095922452.58145,6734033975.06956,7667755681.51717,8679746345.9219,9873142200.51879,10554389012.5207,9060944166.21841,9260284937.79781,9695518329.74637,10393595649.8063,10736584306.437,11112364757.0387,11445735699.8896
9,180.0,American Samoa,1.0,1.0,0.0,0.0,0.0,0.0,,,0.641026,ASM,GDP at market prices (constant 2010 US$),NY.GDP.MKTP.KD,,,,,,,,,,,,,,,,,,,,,,,,,,,,,,,,,,,,,,,,,,,,,,,,,,,,,,,,
10,169.0,Antigua and Barbuda,2.0,2.0,0.0,0.0,0.0,0.0,8000000.0,84.0,0.0,ATG,GDP at market prices (constant 2010 US$),NY.GDP.MKTP.KD,,,,,,,,,,,,,,,,,,306603782.184042,319432463.676231,342890213.715961,372361848.028396,387568058.727653,388216472.020933,406378750.24358,446015372.317616,481653390.556256,542916938.925437,587779116.444469,619647321.723094,655418839.251241,672099916.984861,685786802.281716,691603562.952365,728881697.578456,775002576.770672,742632124.397603,792682270.584927,831411470.046477,868057376.874543,903835269.252483,949404558.357049,919078280.221003,945954439.974664,1001894699.00039,1054859062.23616,1119028548.62809,1268714285.47719,1389228751.06647,1390216645.80882,1222889960.98576,1135539037.03704,1115173875.65459,1159998756.16281,1155982145.44651,1211723376.69427,1256122384.12019
11,14.0,Australia,8831.0,8725.0,90765.0,15606.0,10.28,107.0,5386000000.0,231.0,11.81081,AUS,GDP at market prices (constant 2010 US$),NY.GDP.MKTP.KD,198339485481.519,203250230380.739,205948530112.771,218742968008.825,234002816671.944,247996231204.88,253861820860.465,269847640641.964,283590498771.212,303582811815.541,325340262601.242,338383650770.192,351617365438.097,360754643518.771,375534259074.82,380559842325.731,390415060870.821,404498418728.158,408126668189.266,424667406159.704,437625669396.631,452321766151.45,467344710522.62,456920118611.456,478062421303.485,503158214942.179,523795389499.848,537280463636.839,568276378743.165,590318114679.205,611151237193.606,608829575132.503,611258847956.728,636076780968.255,661761221542.539,687431206939.687,714578832666.281,742785701650.777,775752339239.962,814595006334.886,846108898621.915,862433612000.711,895694974590.39,923199964418.399,961506986893.898,992339076659.351,1021939264106.67,1060340245233.55,1099643871866.03,1119653852349.08,1142250506474.06,1169431057881.91,1211913217353.49,1241484494446.53,1272519759757.29,1301251030445.66
12,35.0,Austria,1761.0,1736.0,14580.0,1557.0,8.28,53.0,1391000000.0,164.0,72.45282,AUT,GDP at market prices (constant 2010 US$),NY.GDP.MKTP.KD,92237791417.649,97345901228.6732,99924277887.9965,104059411885.954,110432378367.145,114275618300.425,120724033067.604,124355469685.655,129917035252.096,138070455810.613,145727882516.556,153181818145.695,162691132450.331,170647437218.543,177374594834.437,176729420132.45,184820880132.45,194209745430.464,193800635761.589,204181954172.185,207717334834.437,207417610198.676,211589305960.265,217880042251.656,217991760794.702,223438674039.735,228580875496.689,231683101986.755,239319099602.649,248621611920.53,259425816026.49,268354285960.265,273972349271.523,275415661589.404,282031472847.682,289556026490.066,296500490066.225,303038384105.96,313826450331.126,325092781456.954,336043231788.08,340581549668.874,346221086092.715,348839059602.649,358277748344.371,365947337748.344,378209615894.04,391906516556.291,397970344370.861,382851152317.881,390235099337.748,401192900662.252,404231192052.98,405529788079.47,406963218543.046,410471668874.172
13,67.0,Azerbaijan,342.0,339.0,548.0,125.0,1.6,11.0,567000000.0,60.0,6.384345,AZE,GDP at market prices (constant 2010 US$),NY.GDP.MKTP.KD,,,,,,,,,,,,,,,,,,,,,,,,,,,,,,,22325675014.6271,22169395298.4412,17159111873.5004,13195357108.1839,10595871755.3639,9345558792.93588,9467051075.91296,10016140087.9139,11017754124.5694,11833067993.8748,13146538452.8659,14448045759.6996,15979538494.8706,17769246844.1912,19581710093.0734,24751281715.9126,33290473786.6938,41629404406.7868,46113899018.7892,50453518392.5171,52902703376.1056,52937578302.4383,54102205124.8452,57238335961.2495,58383102680.4744,59025316809.9597
14,176.0,Burundi,2.0,2.0,23.0,0.0,11.5,1.0,58000000.0,6.0,86.79245,BDI,GDP at market prices (constant 2010 US$),NY.GDP.MKTP.KD,596608253.670717,514597677.373498,561236477.601625,584445892.538846,621108404.900661,645749176.597434,675537540.239403,768907087.027305,766616638.352635,755427553.105214,916527545.705428,941702987.478465,881396658.482324,942116521.310875,935268845.712752,941796276.24958,1016599961.55636,1133198416.79516,1122539824.57715,1141229606.95514,1152539828.31177,1292726423.68618,1279106260.4105,1326629240.55262,1328692732.80246,1485254991.58896,1533528459.0815,1617920004.19458,1699317953.86504,1722250287.54588,1782525984.41627,1871595892.56201,1890498980.49241,1772531844.12476,1704643874.55341,1569636079.67758,1444065193.28183,1421104556.74908,1488607023.0819,1473572092.20535,1460945582.56049,1490979805.70997,1557276512.30296,1538219684.21923,1612571959.3767,1627085107.05727,1714698065.64965,1796760633.53677,1887463244.56885,1952928499.631,2026864469.36388,2111823040.97987,2196704928.33329,2297622743.75537,2404713060.02967,2343732767.75106
